,Supplier_Lead_Time,Inventory_Levels,Order_Frequency,Delivery_Performance,Cost_Per_Unit
Supplier_Lead_Time,1.0,0.2669899048847997,-0.921518491472606,-0.9251853377147613,0.9689074765419354
Inventory_Levels,0.2669899048847997,1.0,-0.21226652631895337,-0.30059245659945205,0.24393475742699502
Order_Frequency,-0.921518491472606,-0.21226652631895337,1.0,0.8798049959030361,-0.8943574704989121
Delivery_Performance,-0.9251853377147613,-0.30059245659945205,0.8798049959030361,1.0,-0.8951706425072185
Cost_Per_Unit,0.9689074765419354,0.24393475742699502,-0.8943574704989121,-0.8951706425072185,1.0
